-- MariaDB dump 10.17  Distrib 10.4.11-MariaDB, for Win64 (AMD64)
--
-- Host: localhost    Database: dbbarang
-- ------------------------------------------------------
-- Server version	10.4.11-MariaDB

/*!40101 SET @OLD_CHARACTER_SET_CLIENT=@@CHARACTER_SET_CLIENT */;
/*!40101 SET @OLD_CHARACTER_SET_RESULTS=@@CHARACTER_SET_RESULTS */;
/*!40101 SET @OLD_COLLATION_CONNECTION=@@COLLATION_CONNECTION */;
/*!40101 SET NAMES utf8mb4 */;
/*!40103 SET @OLD_TIME_ZONE=@@TIME_ZONE */;
/*!40103 SET TIME_ZONE='+00:00' */;
/*!40014 SET @OLD_UNIQUE_CHECKS=@@UNIQUE_CHECKS, UNIQUE_CHECKS=0 */;
/*!40014 SET @OLD_FOREIGN_KEY_CHECKS=@@FOREIGN_KEY_CHECKS, FOREIGN_KEY_CHECKS=0 */;
/*!40101 SET @OLD_SQL_MODE=@@SQL_MODE, SQL_MODE='NO_AUTO_VALUE_ON_ZERO' */;
/*!40111 SET @OLD_SQL_NOTES=@@SQL_NOTES, SQL_NOTES=0 */;

--
-- Table structure for table `jenis`
--

DROP TABLE IF EXISTS `jenis`;
/*!40101 SET @saved_cs_client     = @@character_set_client */;
/*!40101 SET character_set_client = utf8 */;
CREATE TABLE `jenis` (
  `id` int(11) NOT NULL AUTO_INCREMENT,
  `nama` varchar(30) NOT NULL,
  PRIMARY KEY (`id`),
  UNIQUE KEY `nama` (`nama`)
) ENGINE=InnoDB AUTO_INCREMENT=3 DEFAULT CHARSET=utf8mb4;
/*!40101 SET character_set_client = @saved_cs_client */;

--
-- Dumping data for table `jenis`
--

LOCK TABLES `jenis` WRITE;
/*!40000 ALTER TABLE `jenis` DISABLE KEYS */;
INSERT INTO `jenis` VALUES (1,'Elektronik'),(2,'Furniture');
/*!40000 ALTER TABLE `jenis` ENABLE KEYS */;
UNLOCK TABLES;

--
-- Table structure for table `member`
--

DROP TABLE IF EXISTS `member`;
/*!40101 SET @saved_cs_client     = @@character_set_client */;
/*!40101 SET character_set_client = utf8 */;
CREATE TABLE `member` (
  `id` int(11) NOT NULL AUTO_INCREMENT,
  `fullname` varchar(30) NOT NULL,
  `username` varchar(30) NOT NULL,
  `password` varchar(40) NOT NULL,
  `role` enum('admin','manager','staff') NOT NULL,
  `foto` varchar(30) DEFAULT NULL,
  PRIMARY KEY (`id`),
  UNIQUE KEY `username` (`username`)
) ENGINE=InnoDB AUTO_INCREMENT=4 DEFAULT CHARSET=utf8mb4;
/*!40101 SET character_set_client = @saved_cs_client */;

--
-- Dumping data for table `member`
--

LOCK TABLES `member` WRITE;
/*!40000 ALTER TABLE `member` DISABLE KEYS */;
INSERT INTO `member` VALUES (1,'Admin','admin','67771da7cef164702710b6803ea0b099bce5b0ce','admin','admin.jpg'),(2,'Siti Aminah','siti','b48d66e55c41b0abb8c540b518f2e25d21a2ee2a','manager','siti.jpg'),(3,'Ahmad Muslim','ahmad','f72e9d7e4fe5deac9913fb34f7d4c6c096586032','staff','ahmad.jpg');
/*!40000 ALTER TABLE `member` ENABLE KEYS */;
UNLOCK TABLES;

--
-- Table structure for table `produk`
--

DROP TABLE IF EXISTS `produk`;
/*!40101 SET @saved_cs_client     = @@character_set_client */;
/*!40101 SET character_set_client = utf8 */;
CREATE TABLE `produk` (
  `id` int(11) NOT NULL AUTO_INCREMENT,
  `kode` char(5) NOT NULL,
  `nama` varchar(30) NOT NULL,
  `kondisi` enum('Baru','Second') NOT NULL,
  `harga` double NOT NULL,
  `stok` int(11) NOT NULL,
  `idjenis` int(11) NOT NULL,
  `foto` varchar(30) DEFAULT NULL,
  PRIMARY KEY (`id`),
  UNIQUE KEY `kode` (`kode`)
) ENGINE=InnoDB AUTO_INCREMENT=14 DEFAULT CHARSET=utf8mb4;
/*!40101 SET character_set_client = @saved_cs_client */;

--
-- Dumping data for table `produk`
--

LOCK TABLES `produk` WRITE;
/*!40000 ALTER TABLE `produk` DISABLE KEYS */;
INSERT INTO `produk` VALUES (2,'KL112','Kulkas 2 Pintu','Second',2000000,2,1,'kulkas2.jpg'),(3,'MJ111','Meja Belajar','Baru',3000000,5,2,'meja_belajar.jpg'),(4,'MJ112','Meja Makan','Baru',4000000,2,2,'meja_makan.jpg'),(5,'AC111','AC','Baru',4000000,2,1,'ac.jpg'),(6,'BL111','Blender','Second',200000,5,1,'blender.jpg'),(7,'KB111','Kursi Belajar','Second',100000,10,2,'kursi_belajar.jpg'),(8,'KM111','Kursi Makanan','Baru',550000,11,2,'kursi_makan.jpg'),(9,'KP111','Kipas Angin','Baru',500000,3,1,'kipas_angin.jpg'),(10,'SF111','Sofa','Second',2000000,5,2,'sofa.jpg'),(11,'LM111','Lemari Pakaian','Second',1500000,2,2,'');
/*!40000 ALTER TABLE `produk` ENABLE KEYS */;
UNLOCK TABLES;
/*!40103 SET TIME_ZONE=@OLD_TIME_ZONE */;

/*!40101 SET SQL_MODE=@OLD_SQL_MODE */;
/*!40014 SET FOREIGN_KEY_CHECKS=@OLD_FOREIGN_KEY_CHECKS */;
/*!40014 SET UNIQUE_CHECKS=@OLD_UNIQUE_CHECKS */;
/*!40101 SET CHARACTER_SET_CLIENT=@OLD_CHARACTER_SET_CLIENT */;
/*!40101 SET CHARACTER_SET_RESULTS=@OLD_CHARACTER_SET_RESULTS */;
/*!40101 SET COLLATION_CONNECTION=@OLD_COLLATION_CONNECTION */;
/*!40111 SET SQL_NOTES=@OLD_SQL_NOTES */;

-- Dump completed on 2021-04-04 23:57:28
